hour,is_night,is_weekend,is_peak_hour,county_encoded,road_encoded,victim_encoded,cause_encoded,accident_count,risk_score
6.0,0,1,1,26,302,1,0,1.0,Low
8.0,0,1,1,48,441,1,0,12.0,Medium
13.0,0,1,0,18,441,1,0,12.0,Medium
21.0,1,1,0,40,527,4,0,5.0,Low
19.0,0,1,1,25,399,3,0,2.0,Low
21.0,1,1,0,8,180,4,0,1.0,Low
12.0,0,1,0,19,376,2,0,1.0,Low
13.0,0,0,0,40,203,1,0,2.0,Low
19.0,0,0,1,39,55,4,0,7.0,Medium
20.0,1,0,0,16,596,2,0,1.0,Low
19.0,0,0,1,34,332,2,0,1.0,Low
21.0,1,0,0,8,192,1,0,1.0,Low
0.0,1,0,0,40,527,4,0,5.0,Low
3.0,1,0,0,32,418,1,0,1.0,Low
11.0,0,0,0,40,520,1,0,6.0,Medium
3.0,1,0,0,33,422,4,0,1.0,Low
17.0,0,0,1,20,214,1,0,1.0,Low
21.0,1,0,0,40,559,1,0,1.0,Low
21.0,1,0,0,39,113,4,0,1.0,Low
21.0,1,0,0,39,110,1,0,1.0,Low
3.0,1,0,0,18,434,0,0,22.0,High
8.0,0,0,1,39,111,4,0,2.0,Low
8.0,0,0,1,47,28,3,0,4.0,Low
10.0,0,0,0,16,638,4,0,1.0,Low
10.0,0,0,0,2,251,1,0,1.0,Low
13.0,0,0,0,39,555,4,0,1.0,Low
21.0,1,0,0,18,246,4,0,1.0,Low
6.0,0,0,1,39,681,4,0,8.0,Medium
9.0,0,0,1,23,449,1,0,2.0,Low
13.0,0,0,0,32,412,2,0,5.0,Low
22.0,1,0,0,26,495,1,0,23.0,High
22.0,1,0,0,26,495,2,0,23.0,High
1.0,1,0,0,41,67,0,0,2.0,Low
5.0,1,0,0,39,323,4,0,1.0,Low
7.0,0,0,1,39,152,4,0,1.0,Low
15.0,0,0,0,53,67,1,0,2.0,Low
15.0,0,0,0,47,345,2,0,1.0,Low
19.0,0,0,1,39,666,4,0,7.0,Medium
21.0,1,0,0,12,296,4,0,1.0,Low
21.0,1,0,0,16,512,4,0,4.0,Low
12.0,0,1,0,39,430,4,0,8.0,Medium
11.0,0,1,0,18,248,2,0,2.0,Low
21.0,1,1,0,40,523,4,0,5.0,Low
21.0,1,1,0,39,131,2,0,4.0,Low
11.0,0,1,0,18,245,2,0,3.0,Low
15.0,0,1,0,16,238,0,0,2.0,Low
15.0,0,1,0,16,238,3,0,2.0,Low
18.0,0,1,1,39,622,1,0,1.0,Low
20.0,1,1,0,20,267,4,0,1.0,Low
18.0,0,1,1,8,270,3,0,2.0,Low
21.0,1,1,0,12,263,1,0,1.0,Low
23.0,1,1,0,54,292,2,0,2.0,Low
22.0,1,1,0,40,68,4,0,9.0,Medium
22.0,1,1,0,42,541,4,0,1.0,Low
1.0,1,1,0,39,556,4,0,3.0,Low
9.0,0,0,1,12,602,3,0,1.0,Low
19.0,0,0,1,39,700,4,0,17.0,Medium
22.0,1,0,0,14,207,3,0,5.0,Low
20.0,1,0,0,13,460,4,0,2.0,Low
20.0,1,0,0,13,394,1,0,1.0,Low
6.0,0,0,1,13,58,4,0,2.0,Low
9.0,0,0,1,8,193,4,0,3.0,Low
21.0,1,0,0,46,595,2,0,3.0,Low
2.0,1,0,0,42,545,3,0,4.0,Low
20.0,1,0,0,15,37,2,0,2.0,Low
9.0,0,0,1,34,367,2,0,1.0,Low
18.0,0,0,1,39,666,4,0,7.0,Medium
19.0,0,0,1,54,64,4,0,1.0,Low
20.0,1,0,0,40,75,0,0,1.0,Low
12.0,0,0,0,6,482,4,0,3.0,Low
9.0,0,0,1,48,495,4,0,23.0,High
17.0,0,0,1,20,217,0,0,4.0,Low
17.0,0,0,1,40,519,4,0,1.0,Low
18.0,0,0,1,39,561,4,0,2.0,Low
1.0,1,0,0,39,666,0,0,7.0,Medium
23.0,1,0,0,12,360,1,0,1.0,Low
18.0,0,0,1,40,520,1,0,6.0,Medium
19.0,0,0,1,26,441,1,0,12.0,Medium
20.0,1,0,0,39,430,4,0,8.0,Medium
20.0,1,0,0,13,654,1,0,1.0,Low
19.0,0,0,1,18,382,4,0,1.0,Low
6.0,0,0,1,39,158,1,0,5.0,Low
12.0,0,0,0,54,517,2,0,8.0,Medium
11.0,0,0,0,15,167,4,0,1.0,Low
19.0,0,0,1,26,160,2,0,1.0,Low
20.0,1,0,0,39,673,4,0,2.0,Low
21.0,1,0,0,21,179,4,0,1.0,Low
23.0,1,0,0,39,158,0,0,5.0,Low
1.0,1,0,0,2,705,0,0,2.0,Low
11.0,0,0,0,53,293,3,0,1.0,Low
13.0,0,0,0,34,441,4,0,12.0,Medium
12.0,0,0,0,54,210,0,0,4.0,Low
12.0,0,0,0,6,321,4,0,1.0,Low
4.0,1,0,0,46,614,2,0,1.0,Low
20.0,1,0,0,6,87,2,0,3.0,Low
20.0,1,0,0,40,527,4,0,5.0,Low
12.0,0,0,0,16,684,3,0,1.0,Low
23.0,1,0,0,42,543,4,0,1.0,Low
7.0,0,0,1,46,156,4,0,1.0,Low
12.0,0,0,0,39,131,4,0,4.0,Low
9.0,0,0,1,40,325,2,0,1.0,Low
12.0,0,0,0,6,80,1,0,3.0,Low
17.0,0,0,1,39,683,0,0,16.0,Medium
23.0,1,0,0,23,694,2,0,2.0,Low
21.0,1,0,0,40,539,4,0,5.0,Low
2.0,1,0,0,37,642,1,0,1.0,Low
3.0,1,0,0,34,340,1,0,1.0,Low
9.0,0,0,1,16,254,0,0,1.0,Low
9.0,0,0,1,3,38,1,0,1.0,Low
20.0,1,0,0,25,355,3,0,1.0,Low
21.0,1,0,0,20,118,0,0,1.0,Low
23.0,1,0,0,40,603,2,0,1.0,Low
11.0,0,0,0,36,465,1,0,1.0,Low
18.0,0,0,1,15,207,1,0,5.0,Low
22.0,1,0,0,23,349,2,0,1.0,Low
18.0,0,0,1,26,714,3,0,3.0,Low
12.0,0,0,0,33,187,1,0,3.0,Low
12.0,0,0,0,33,187,2,0,3.0,Low
8.0,0,0,1,13,70,4,0,3.0,Low
9.0,0,0,1,26,137,1,0,1.0,Low
15.0,0,0,0,39,158,4,0,5.0,Low
20.0,1,0,0,39,350,3,0,1.0,Low
0.0,1,0,0,33,187,1,0,3.0,Low
17.0,0,0,1,57,145,1,0,3.0,Low
7.0,0,0,1,18,441,4,0,12.0,Medium
11.0,0,0,0,12,298,4,0,1.0,Low
20.0,1,0,0,25,400,3,0,3.0,Low
19.0,0,0,1,26,441,2,0,12.0,Medium
19.0,0,0,1,7,97,2,0,1.0,Low
16.0,0,0,1,34,331,0,0,1.0,Low
7.0,0,0,1,26,441,0,0,12.0,Medium
11.0,0,0,0,19,316,4,0,1.0,Low
10.0,0,0,0,40,524,2,0,1.0,Low
10.0,0,0,0,0,552,2,0,1.0,Low
15.0,0,0,0,24,15,4,0,1.0,Low
14.0,0,0,0,47,652,2,0,1.0,Low
20.0,1,0,0,40,560,4,0,1.0,Low
21.0,1,0,0,6,86,4,0,2.0,Low
5.0,1,0,0,16,680,0,0,2.0,Low
8.0,0,0,1,39,158,4,0,5.0,Low
14.0,0,0,0,2,46,4,0,1.0,Low
16.0,0,0,1,8,7,1,0,2.0,Low
16.0,0,0,1,8,7,2,0,2.0,Low
20.0,1,0,0,39,681,4,0,8.0,Medium
18.0,0,0,1,54,68,3,0,9.0,Medium
19.0,0,0,1,20,269,2,0,3.0,Low
19.0,0,0,1,20,269,1,0,3.0,Low
22.0,1,0,0,2,707,4,0,1.0,Low
22.0,1,0,0,39,100,3,0,1.0,Low
5.0,1,0,0,2,33,4,0,1.0,Low
4.0,1,0,0,36,197,3,0,1.0,Low
19.0,0,0,1,54,517,3,0,8.0,Medium
23.0,1,0,0,40,499,4,0,6.0,Medium
23.0,1,0,0,12,143,3,0,1.0,Low
11.0,0,0,0,16,512,4,0,4.0,Low
7.0,0,0,1,12,297,3,0,1.0,Low
13.0,0,0,0,39,436,4,0,15.0,Medium
14.0,0,0,0,39,112,3,0,2.0,Low
15.0,0,0,0,26,714,1,0,3.0,Low
20.0,1,0,0,39,617,4,0,5.0,Low
20.0,1,0,0,38,485,0,0,2.0,Low
20.0,1,0,0,38,485,3,0,2.0,Low
8.0,0,1,1,1,21,0,0,1.0,Low
13.0,0,1,0,20,218,4,0,1.0,Low
18.0,0,1,1,3,278,1,0,9.0,Medium
19.0,0,1,1,18,377,3,0,1.0,Low
21.0,1,1,0,26,495,0,0,23.0,High
20.0,1,1,0,40,109,4,0,3.0,Low
22.0,1,1,0,39,158,4,0,5.0,Low
23.0,1,1,0,39,466,4,0,2.0,Low
23.0,1,1,0,39,699,3,0,2.0,Low
3.0,1,1,0,39,430,4,0,8.0,Medium
6.0,0,0,1,34,366,1,0,1.0,Low
8.0,0,0,1,18,247,1,0,1.0,Low
16.0,0,0,1,25,712,4,0,1.0,Low
19.0,0,0,1,44,217,1,0,4.0,Low
20.0,1,0,0,16,239,4,0,1.0,Low
20.0,1,0,0,39,627,0,0,1.0,Low
21.0,1,0,0,20,266,4,0,2.0,Low
19.0,0,0,1,6,228,1,0,1.0,Low
17.0,0,0,1,39,562,4,0,2.0,Low
20.0,1,0,0,39,683,4,0,16.0,Medium
2.0,1,0,0,16,675,1,0,1.0,Low
9.0,0,0,1,24,537,0,0,1.0,Low
10.0,0,0,0,15,207,1,0,5.0,Low
12.0,0,0,0,8,635,4,0,1.0,Low
11.0,0,0,0,13,395,4,0,1.0,Low
14.0,0,0,0,26,434,1,0,22.0,High
12.0,0,0,0,6,235,4,0,1.0,Low
8.0,0,0,1,39,430,2,0,8.0,Medium
21.0,1,0,0,0,136,0,0,1.0,Low
23.0,1,0,0,1,22,0,0,1.0,Low
22.0,1,0,0,20,268,4,0,3.0,Low
16.0,0,0,1,16,490,4,0,1.0,Low
7.0,0,1,1,26,495,0,0,23.0,High
13.0,0,1,0,0,62,1,0,1.0,Low
20.0,1,1,0,12,142,1,0,2.0,Low
15.0,0,1,0,8,619,4,0,1.0,Low
22.0,1,1,0,12,494,4,0,1.0,Low
12.0,0,1,0,26,495,4,0,23.0,High
17.0,0,1,1,13,147,1,0,4.0,Low
17.0,0,1,1,13,147,2,0,4.0,Low
20.0,1,1,0,16,564,4,0,5.0,Low
14.0,0,1,0,21,47,3,0,1.0,Low
21.0,1,1,0,40,605,1,0,1.0,Low
20.0,1,1,0,5,69,3,0,1.0,Low
20.0,1,1,0,32,413,0,0,2.0,Low
20.0,1,1,0,32,413,3,0,2.0,Low
23.0,1,1,0,38,484,1,0,2.0,Low
6.0,0,0,1,39,683,4,0,16.0,Medium
12.0,0,0,0,27,520,4,0,6.0,Medium
19.0,0,0,1,20,580,0,0,2.0,Low
19.0,0,0,1,20,580,4,0,2.0,Low
20.0,1,0,0,16,666,4,0,7.0,Medium
20.0,1,0,0,46,588,0,0,5.0,Low
14.0,0,0,0,37,470,0,0,1.0,Low
17.0,0,0,1,13,146,2,0,1.0,Low
19.0,0,0,1,39,132,4,0,6.0,Medium
20.0,1,0,0,57,45,0,0,3.0,Low
20.0,1,0,0,57,45,3,0,3.0,Low
0.0,1,0,0,40,520,1,0,6.0,Medium
15.0,0,0,0,16,683,0,0,16.0,Medium
16.0,0,0,1,39,700,3,0,17.0,Medium
15.0,0,0,0,18,378,4,0,3.0,Low
18.0,0,0,1,25,368,4,0,1.0,Low
19.0,0,0,1,39,135,4,0,3.0,Low
21.0,1,0,0,39,710,4,0,1.0,Low
21.0,1,0,0,6,79,4,0,2.0,Low
1.0,1,0,0,26,434,0,0,22.0,High
1.0,1,0,0,26,434,3,0,22.0,High
7.0,0,0,1,40,363,0,0,1.0,Low
9.0,0,0,1,13,461,2,0,1.0,Low
9.0,0,0,1,8,548,3,0,1.0,Low
15.0,0,0,0,34,650,4,0,1.0,Low
13.0,0,0,0,0,463,1,0,1.0,Low
10.0,0,0,0,16,498,4,0,7.0,Medium
16.0,0,0,1,39,324,0,0,1.0,Low
20.0,1,0,0,19,483,2,0,1.0,Low
20.0,1,0,0,39,344,4,0,3.0,Low
21.0,1,1,0,0,384,0,0,1.0,Low
17.0,0,1,1,6,482,4,0,3.0,Low
16.0,0,1,1,40,517,4,0,8.0,Medium
19.0,0,1,1,34,372,4,0,1.0,Low
22.0,1,1,0,7,96,1,0,4.0,Low
17.0,0,1,1,25,493,4,0,2.0,Low
8.0,0,1,1,39,134,4,0,1.0,Low
7.0,0,1,1,18,495,0,0,23.0,High
14.0,0,1,0,8,27,4,0,1.0,Low
14.0,0,1,0,39,564,4,0,5.0,Low
19.0,0,1,1,40,207,4,0,5.0,Low
21.0,1,1,0,39,229,4,0,1.0,Low
20.0,1,1,0,42,539,3,0,5.0,Low
21.0,1,1,0,46,455,0,0,1.0,Low
1.0,1,1,0,39,333,1,0,1.0,Low
12.0,0,1,0,21,278,1,0,9.0,Medium
12.0,0,1,0,39,629,4,0,1.0,Low
16.0,0,1,1,40,428,1,0,1.0,Low
7.0,0,0,1,33,10,0,0,1.0,Low
8.0,0,0,1,26,240,1,0,1.0,Low
13.0,0,0,0,42,456,4,0,1.0,Low
12.0,0,0,0,53,290,1,0,5.0,Low
14.0,0,0,0,26,451,3,0,1.0,Low
15.0,0,0,0,21,611,2,0,1.0,Low
19.0,0,0,1,18,244,1,0,1.0,Low
20.0,1,0,0,37,157,4,0,2.0,Low
0.0,1,0,0,40,520,0,0,6.0,Medium
1.0,1,0,0,16,55,4,0,7.0,Medium
21.0,1,0,0,57,278,4,0,9.0,Medium
5.0,1,0,0,42,365,3,0,1.0,Low
7.0,0,0,1,39,466,3,0,2.0,Low
19.0,0,0,1,21,696,4,0,1.0,Low
20.0,1,0,0,34,371,4,0,1.0,Low
22.0,1,0,0,25,495,4,0,23.0,High
23.0,1,0,0,8,1,4,0,1.0,Low
6.0,0,0,1,40,517,4,0,8.0,Medium
9.0,0,0,1,18,432,1,0,2.0,Low
11.0,0,0,0,25,493,0,0,2.0,Low
15.0,0,0,0,40,517,4,0,8.0,Medium
17.0,0,0,1,18,432,3,0,2.0,Low
15.0,0,0,0,8,237,4,0,1.0,Low
1.0,1,0,0,16,500,4,0,2.0,Low
8.0,0,0,1,39,311,1,0,1.0,Low
11.0,0,0,0,16,512,3,0,4.0,Low
6.0,0,0,1,34,694,2,0,2.0,Low
13.0,0,0,0,39,406,4,0,1.0,Low
21.0,1,0,0,36,198,3,0,2.0,Low
16.0,0,0,1,40,499,1,0,6.0,Medium
20.0,1,0,0,39,430,4,0,8.0,Medium
23.0,1,0,0,26,495,3,0,23.0,High
10.0,0,0,0,42,539,3,0,5.0,Low
11.0,0,0,0,26,434,0,0,22.0,High
11.0,0,0,0,2,31,1,0,3.0,Low
11.0,0,0,0,2,31,2,0,3.0,Low
1.0,1,0,0,39,430,4,0,8.0,Medium
14.0,0,0,0,43,588,1,0,5.0,Low
19.0,0,0,1,7,96,1,0,4.0,Low
19.0,0,0,1,42,540,4,0,1.0,Low
20.0,1,0,0,8,620,1,0,2.0,Low
20.0,1,0,0,0,290,4,0,5.0,Low
10.0,0,0,0,16,610,1,0,1.0,Low
21.0,1,0,0,2,32,4,0,2.0,Low
5.0,1,0,0,39,55,4,0,7.0,Medium
6.0,0,0,1,22,301,4,0,2.0,Low
9.0,0,0,1,39,630,1,0,1.0,Low
9.0,0,0,1,26,495,0,0,23.0,High
9.0,0,0,1,26,495,3,0,23.0,High
9.0,0,0,1,2,31,4,0,3.0,Low
12.0,0,0,0,39,683,1,0,16.0,Medium
11.0,0,0,0,32,404,4,0,1.0,Low
14.0,0,0,0,53,290,1,0,5.0,Low
15.0,0,0,0,39,436,4,0,15.0,Medium
17.0,0,0,1,18,495,1,0,23.0,High
17.0,0,0,1,18,495,2,0,23.0,High
17.0,0,0,1,1,341,1,0,1.0,Low
18.0,0,0,1,34,433,2,0,1.0,Low
20.0,1,0,0,21,281,4,0,3.0,Low
21.0,1,0,0,18,434,2,0,22.0,High
22.0,1,0,0,39,436,4,0,15.0,Medium
18.0,0,0,1,20,269,2,0,3.0,Low
23.0,1,0,0,16,683,4,0,16.0,Medium
14.0,0,0,0,3,278,1,0,9.0,Medium
16.0,0,0,1,34,2,4,0,1.0,Low
22.0,1,0,0,56,255,3,0,1.0,Low
20.0,1,0,0,22,301,3,0,2.0,Low
21.0,1,0,0,56,558,2,0,1.0,Low
10.0,0,0,0,16,498,2,0,7.0,Medium
21.0,1,0,0,40,202,4,0,1.0,Low
18.0,0,0,1,39,93,1,0,1.0,Low
0.0,1,0,0,39,57,4,0,1.0,Low
23.0,1,0,0,46,588,4,0,5.0,Low
1.0,1,0,0,40,427,3,0,1.0,Low
7.0,0,0,1,26,434,0,0,22.0,High
7.0,0,0,1,26,434,3,0,22.0,High
12.0,0,0,0,15,204,4,0,1.0,Low
18.0,0,0,1,2,30,4,0,1.0,Low
11.0,0,0,0,25,495,0,0,23.0,High
12.0,0,0,0,18,245,4,0,3.0,Low
2.0,1,0,0,54,68,4,0,9.0,Medium
16.0,0,0,1,21,188,1,0,1.0,Low
19.0,0,0,1,39,135,4,0,3.0,Low
20.0,1,0,0,6,80,1,0,3.0,Low
21.0,1,0,0,16,104,4,0,1.0,Low
17.0,0,0,1,12,155,4,0,1.0,Low
23.0,1,0,0,26,434,1,0,22.0,High
2.0,1,0,0,16,633,0,0,1.0,Low
7.0,0,0,1,30,127,4,0,1.0,Low
23.0,1,0,0,16,513,4,0,1.0,Low
5.0,1,0,0,39,556,1,0,3.0,Low
19.0,0,0,1,47,651,2,0,2.0,Low
23.0,1,0,0,1,166,4,0,3.0,Low
0.0,1,0,0,42,266,1,0,2.0,Low
3.0,1,0,0,40,499,3,0,6.0,Medium
14.0,0,0,0,16,686,1,0,1.0,Low
17.0,0,0,1,5,128,1,0,1.0,Low
20.0,1,0,0,16,198,3,0,2.0,Low
0.0,1,0,0,39,111,4,0,2.0,Low
2.0,1,0,0,39,162,0,0,6.0,Medium
7.0,0,0,1,16,683,0,0,16.0,Medium
8.0,0,0,1,46,589,3,0,1.0,Low
16.0,0,0,1,40,68,4,0,9.0,Medium
18.0,0,0,1,16,678,2,0,2.0,Low
19.0,0,0,1,39,700,4,0,17.0,Medium
20.0,1,0,0,16,549,4,0,1.0,Low
22.0,1,0,0,39,114,4,0,1.0,Low
21.0,1,0,0,8,181,2,0,2.0,Low
12.0,0,0,0,53,290,3,0,5.0,Low
1.0,1,0,0,46,586,1,0,3.0,Low
7.0,0,0,1,34,434,0,0,22.0,High
15.0,0,0,0,45,557,3,0,1.0,Low
21.0,1,0,0,16,683,4,0,16.0,Medium
20.0,1,0,0,12,144,1,0,2.0,Low
20.0,1,0,0,12,144,2,0,2.0,Low
18.0,0,0,1,39,668,3,0,2.0,Low
22.0,1,0,0,39,132,4,0,6.0,Medium
7.0,0,0,1,21,503,3,0,1.0,Low
14.0,0,0,0,42,546,4,0,1.0,Low
15.0,0,0,0,15,213,0,0,2.0,Low
16.0,0,0,1,2,18,4,0,1.0,Low
17.0,0,0,1,40,623,1,0,1.0,Low
18.0,0,0,1,12,361,2,0,4.0,Low
17.0,0,0,1,40,326,2,0,1.0,Low
20.0,1,0,0,15,342,2,0,2.0,Low
23.0,1,0,0,15,526,4,0,1.0,Low
19.0,0,0,1,23,442,1,0,1.0,Low
6.0,0,0,1,39,436,4,0,15.0,Medium
7.0,0,0,1,18,439,3,0,1.0,Low
10.0,0,0,0,20,275,3,0,1.0,Low
13.0,0,0,0,45,423,0,0,1.0,Low
11.0,0,0,0,58,294,2,0,1.0,Low
17.0,0,0,1,13,74,4,0,2.0,Low
21.0,1,0,0,25,441,4,0,12.0,Medium
1.0,1,0,0,12,361,4,0,4.0,Low
13.0,0,0,0,13,76,2,0,1.0,Low
17.0,0,0,1,25,164,4,0,1.0,Low
10.0,0,0,0,34,441,4,0,12.0,Medium
20.0,1,0,0,42,545,4,0,4.0,Low
20.0,1,0,0,54,73,3,0,2.0,Low
19.0,0,0,1,50,83,4,0,1.0,Low
16.0,0,0,1,32,410,4,0,1.0,Low
17.0,0,0,1,25,505,2,0,15.0,Medium
15.0,0,0,0,34,440,4,0,1.0,Low
13.0,0,0,0,6,6,1,0,1.0,Low
4.0,1,0,0,39,436,0,0,15.0,Medium
16.0,0,1,1,46,593,3,0,1.0,Low
20.0,1,1,0,19,225,2,0,1.0,Low
20.0,1,1,0,13,289,1,0,1.0,Low
20.0,1,1,0,2,36,2,0,2.0,Low
22.0,1,1,0,37,259,1,0,1.0,Low
20.0,1,1,0,39,700,1,0,17.0,Medium
20.0,1,1,0,22,303,2,0,2.0,Low
21.0,1,1,0,39,436,4,0,15.0,Medium
6.0,0,1,1,40,525,1,0,1.0,Low
14.0,0,1,0,26,305,1,0,1.0,Low
16.0,0,1,1,39,703,1,0,1.0,Low
19.0,0,1,1,7,99,1,0,1.0,Low
11.0,0,1,0,57,346,2,0,1.0,Low
20.0,1,1,0,1,24,2,0,1.0,Low
10.0,0,0,0,40,73,4,0,2.0,Low
16.0,0,0,1,16,685,4,0,2.0,Low
16.0,0,0,1,42,545,1,0,4.0,Low
19.0,0,0,1,39,53,4,0,1.0,Low
12.0,0,0,0,7,661,1,0,2.0,Low
12.0,0,0,0,7,661,2,0,2.0,Low
7.0,0,0,1,26,409,4,0,1.0,Low
13.0,0,0,0,22,477,1,0,1.0,Low
13.0,0,0,0,39,14,4,0,1.0,Low
20.0,1,0,0,40,108,0,0,1.0,Low
20.0,1,0,0,48,496,0,0,5.0,Low
19.0,0,1,1,15,206,1,0,1.0,Low
10.0,0,1,0,8,631,3,0,1.0,Low
10.0,0,1,0,28,704,1,0,1.0,Low
18.0,0,1,1,39,444,4,0,1.0,Low
14.0,0,1,0,19,643,4,0,1.0,Low
13.0,0,1,0,3,5,1,0,1.0,Low
16.0,0,1,1,16,498,4,0,7.0,Medium
16.0,0,1,1,25,496,4,0,5.0,Low
21.0,1,1,0,39,436,4,0,15.0,Medium
22.0,1,1,0,39,702,4,0,1.0,Low
10.0,0,1,0,34,601,4,0,1.0,Low
20.0,1,1,0,25,176,0,0,1.0,Low
6.0,0,0,1,13,147,2,0,4.0,Low
12.0,0,0,0,39,628,4,0,1.0,Low
10.0,0,0,0,40,517,3,0,8.0,Medium
14.0,0,0,0,47,28,4,0,4.0,Low
8.0,0,0,1,45,604,4,0,1.0,Low
9.0,0,0,1,25,496,4,0,5.0,Low
13.0,0,0,0,39,351,4,0,1.0,Low
21.0,1,0,0,21,280,4,0,1.0,Low
20.0,1,0,0,2,292,2,0,2.0,Low
7.0,0,0,1,40,711,4,0,1.0,Low
18.0,0,0,1,37,157,4,0,2.0,Low
20.0,1,0,0,2,705,4,0,2.0,Low
20.0,1,0,0,26,715,1,0,1.0,Low
7.0,0,0,1,37,536,3,0,1.0,Low
6.0,0,0,1,44,578,1,0,1.0,Low
22.0,1,0,0,40,499,4,0,6.0,Medium
10.0,0,0,0,19,640,4,0,1.0,Low
22.0,1,0,0,16,683,4,0,16.0,Medium
3.0,1,0,0,40,109,0,0,3.0,Low
14.0,0,0,0,39,16,1,0,1.0,Low
15.0,0,0,0,46,586,4,0,3.0,Low
16.0,0,0,1,0,385,3,0,1.0,Low
20.0,1,0,0,39,617,4,0,5.0,Low
17.0,0,0,1,25,159,4,0,1.0,Low
21.0,1,0,0,39,112,4,0,2.0,Low
22.0,1,0,0,39,700,4,0,17.0,Medium
20.0,1,0,0,18,248,0,0,2.0,Low
20.0,1,0,0,48,441,0,0,12.0,Medium
16.0,0,0,1,47,653,1,0,1.0,Low
20.0,1,0,0,21,314,1,0,1.0,Low
19.0,0,0,1,37,474,1,0,1.0,Low
18.0,0,0,1,39,162,2,0,6.0,Medium
18.0,0,0,1,39,135,4,0,3.0,Low
7.0,0,0,1,40,61,3,0,1.0,Low
4.0,1,0,0,12,361,4,0,4.0,Low
6.0,0,0,1,26,370,1,0,1.0,Low
16.0,0,0,1,15,342,1,0,2.0,Low
21.0,1,0,0,54,72,3,0,2.0,Low
22.0,1,0,0,41,171,1,0,1.0,Low
20.0,1,0,0,26,488,1,0,1.0,Low
1.0,1,1,0,39,55,0,0,7.0,Medium
6.0,0,1,1,16,454,1,0,2.0,Low
6.0,0,1,1,16,454,2,0,2.0,Low
16.0,0,1,1,39,55,1,0,7.0,Medium
16.0,0,1,1,2,393,4,0,1.0,Low
21.0,1,1,0,12,121,4,0,1.0,Low
23.0,1,1,0,16,677,4,0,1.0,Low
0.0,1,1,0,19,140,1,0,2.0,Low
0.0,1,1,0,19,140,2,0,2.0,Low
0.0,1,1,0,37,469,1,0,1.0,Low
22.0,1,1,0,25,495,4,0,23.0,High
20.0,1,1,0,32,412,4,0,5.0,Low
4.0,1,1,0,40,581,0,0,1.0,Low
13.0,0,0,0,21,278,1,0,9.0,Medium
13.0,0,0,0,21,278,2,0,9.0,Medium
12.0,0,0,0,58,373,1,0,1.0,Low
0.0,1,0,0,6,78,3,0,1.0,Low
17.0,0,0,1,16,681,2,0,8.0,Medium
23.0,1,0,0,16,236,1,0,1.0,Low
22.0,1,0,0,39,132,4,0,6.0,Medium
19.0,0,0,1,16,55,4,0,7.0,Medium
20.0,1,0,0,21,0,3,0,1.0,Low
17.0,0,0,1,16,678,3,0,2.0,Low
15.0,0,0,0,23,408,4,0,1.0,Low
11.0,0,0,0,51,101,4,0,1.0,Low
13.0,0,0,0,16,234,4,0,1.0,Low
6.0,0,0,1,16,337,4,0,1.0,Low
20.0,1,0,0,16,564,4,0,5.0,Low
20.0,1,0,0,2,253,4,0,1.0,Low
15.0,0,0,0,39,681,0,0,8.0,Medium
15.0,0,0,0,39,681,3,0,8.0,Medium
19.0,0,0,1,40,520,0,0,6.0,Medium
7.0,0,0,1,39,430,0,0,8.0,Medium
4.0,1,0,0,16,498,0,0,7.0,Medium
10.0,0,0,0,32,412,2,0,5.0,Low
12.0,0,0,0,22,182,2,0,1.0,Low
19.0,0,0,1,19,223,1,0,1.0,Low
1.0,1,0,0,37,473,1,0,1.0,Low
22.0,1,0,0,26,434,2,0,22.0,High
23.0,1,0,0,39,131,4,0,4.0,Low
1.0,1,0,0,39,699,3,0,2.0,Low
14.0,0,0,0,44,217,1,0,4.0,Low
14.0,0,0,0,22,484,3,0,2.0,Low
6.0,0,0,1,44,220,1,0,1.0,Low
6.0,0,0,1,15,402,2,0,1.0,Low
13.0,0,0,0,16,506,4,0,3.0,Low
10.0,0,0,0,26,505,2,0,15.0,Medium
18.0,0,0,1,39,479,4,0,1.0,Low
20.0,1,0,0,2,35,2,0,1.0,Low
9.0,0,1,1,6,79,4,0,2.0,Low
11.0,0,1,0,39,186,3,0,1.0,Low
12.0,0,1,0,46,583,1,0,1.0,Low
11.0,0,1,0,40,109,1,0,3.0,Low
16.0,0,1,1,44,574,4,0,1.0,Low
16.0,0,1,1,13,147,4,0,4.0,Low
17.0,0,1,1,13,459,3,0,1.0,Low
17.0,0,1,1,29,381,3,0,1.0,Low
18.0,0,1,1,40,510,1,0,1.0,Low
18.0,0,1,1,8,620,4,0,2.0,Low
19.0,0,1,1,16,498,4,0,7.0,Medium
20.0,1,1,0,13,648,2,0,2.0,Low
20.0,1,1,0,13,648,1,0,2.0,Low
21.0,1,1,0,46,585,3,0,1.0,Low
19.0,0,1,1,1,165,4,0,1.0,Low
23.0,1,1,0,12,554,1,0,2.0,Low
23.0,1,1,0,1,166,2,0,3.0,Low
23.0,1,1,0,1,166,1,0,3.0,Low
22.0,1,1,0,23,449,0,0,2.0,Low
16.0,0,1,1,32,412,2,0,5.0,Low
16.0,0,1,1,32,412,1,0,5.0,Low
19.0,0,1,1,26,300,3,0,1.0,Low
9.0,0,0,1,13,657,4,0,1.0,Low
12.0,0,0,0,39,551,1,0,2.0,Low
14.0,0,0,0,8,191,3,0,1.0,Low
7.0,0,1,1,39,616,3,0,1.0,Low
8.0,0,1,1,39,700,3,0,17.0,Medium
14.0,0,1,0,46,174,4,0,1.0,Low
16.0,0,1,1,39,478,4,0,1.0,Low
8.0,0,1,1,12,554,4,0,2.0,Low
9.0,0,1,1,26,434,4,0,22.0,High
10.0,0,1,0,48,434,3,0,22.0,High
11.0,0,1,0,26,458,4,0,1.0,Low
17.0,0,1,1,39,162,4,0,6.0,Medium
14.0,0,1,0,7,95,3,0,1.0,Low
7.0,0,0,1,15,208,0,0,1.0,Low
7.0,0,0,1,26,434,0,0,22.0,High
7.0,0,0,1,26,434,3,0,22.0,High
12.0,0,0,0,6,690,4,0,1.0,Low
16.0,0,0,1,16,336,0,0,1.0,Low
18.0,0,0,1,15,210,2,0,4.0,Low
21.0,1,0,0,45,573,1,0,1.0,Low
21.0,1,0,0,39,666,4,0,7.0,Medium
22.0,1,0,0,23,695,0,0,1.0,Low
11.0,0,0,0,46,587,2,0,1.0,Low
19.0,0,0,1,12,264,3,0,1.0,Low
18.0,0,0,1,48,660,4,0,1.0,Low
16.0,0,1,1,6,87,4,0,3.0,Low
17.0,0,1,1,26,505,4,0,15.0,Medium
20.0,1,1,0,16,685,4,0,2.0,Low
0.0,1,1,0,39,682,0,0,2.0,Low
0.0,1,1,0,34,3,0,0,2.0,Low
4.0,1,0,0,39,556,4,0,3.0,Low
21.0,1,0,0,25,495,4,0,23.0,High
14.0,0,0,0,32,415,4,0,1.0,Low
14.0,0,0,0,39,132,4,0,6.0,Medium
12.0,0,0,0,24,535,4,0,1.0,Low
4.0,1,0,0,16,500,4,0,2.0,Low
19.0,0,0,1,39,700,4,0,17.0,Medium
22.0,1,0,0,16,687,4,0,1.0,Low
23.0,1,0,0,16,501,4,0,1.0,Low
23.0,1,0,0,45,92,1,0,2.0,Low
23.0,1,0,0,45,92,4,0,2.0,Low
0.0,1,0,0,40,429,4,0,1.0,Low
20.0,1,0,0,40,362,4,0,1.0,Low
2.0,1,0,0,16,102,4,0,1.0,Low
0.0,1,0,0,39,680,4,0,2.0,Low
17.0,0,0,1,3,43,4,0,1.0,Low
8.0,0,0,1,39,131,3,0,4.0,Low
9.0,0,0,1,25,308,4,0,2.0,Low
18.0,0,0,1,22,320,3,0,1.0,Low
23.0,1,0,0,16,515,1,0,3.0,Low
17.0,0,0,1,8,193,0,0,3.0,Low
18.0,0,0,1,39,691,0,0,1.0,Low
16.0,0,0,1,3,41,2,0,1.0,Low
17.0,0,0,1,15,213,0,0,2.0,Low
5.0,1,0,0,39,55,1,0,7.0,Medium
6.0,0,0,1,6,308,3,0,2.0,Low
13.0,0,0,0,46,389,3,0,1.0,Low
18.0,0,0,1,39,90,4,0,2.0,Low
18.0,0,0,1,20,273,1,0,1.0,Low
22.0,1,0,0,12,123,3,0,1.0,Low
22.0,1,0,0,46,595,1,0,3.0,Low
4.0,1,0,0,40,527,0,0,5.0,Low
6.0,0,0,1,39,436,4,0,15.0,Medium
12.0,0,0,0,40,353,4,0,1.0,Low
22.0,1,0,0,20,221,4,0,1.0,Low
18.0,0,0,1,6,318,3,0,1.0,Low
23.0,1,0,0,26,714,2,0,3.0,Low
10.0,0,0,0,34,600,2,0,1.0,Low
7.0,0,0,1,31,387,3,0,1.0,Low
16.0,0,0,1,44,579,4,0,1.0,Low
21.0,1,0,0,45,569,2,0,1.0,Low
21.0,1,0,0,39,689,4,0,1.0,Low
0.0,1,0,0,22,307,4,0,1.0,Low
23.0,1,0,0,40,426,2,0,1.0,Low
3.0,1,0,0,16,681,2,0,8.0,Medium
21.0,1,0,0,25,399,4,0,2.0,Low
20.0,1,0,0,57,347,4,0,1.0,Low
18.0,0,0,1,40,528,4,0,1.0,Low
19.0,0,0,1,10,407,4,0,1.0,Low
14.0,0,0,0,41,534,2,0,1.0,Low
6.0,0,0,1,39,667,4,0,1.0,Low
8.0,0,0,1,1,658,3,0,1.0,Low
13.0,0,0,0,41,443,2,0,1.0,Low
12.0,0,0,0,46,476,1,0,1.0,Low
15.0,0,0,0,39,313,4,0,1.0,Low
18.0,0,0,1,44,222,2,0,1.0,Low
22.0,1,0,0,26,77,2,0,1.0,Low
9.0,0,0,1,8,621,1,0,1.0,Low
10.0,0,0,0,46,669,4,0,1.0,Low
14.0,0,0,0,17,380,1,0,1.0,Low
14.0,0,0,0,48,441,2,0,12.0,Medium
20.0,1,0,0,48,671,0,0,1.0,Low
20.0,1,0,0,32,419,2,0,1.0,Low
17.0,0,0,1,21,278,1,0,9.0,Medium
11.0,0,0,0,10,190,4,0,1.0,Low
8.0,0,0,1,10,189,1,0,1.0,Low
19.0,0,0,1,13,317,2,0,1.0,Low
21.0,1,0,0,15,662,0,0,1.0,Low
21.0,1,0,0,40,523,0,0,5.0,Low
16.0,0,0,1,26,496,4,0,5.0,Low
17.0,0,0,1,48,175,4,0,1.0,Low
20.0,1,0,0,50,260,2,0,1.0,Low
6.0,0,0,1,39,668,1,0,2.0,Low
14.0,0,0,0,15,211,0,0,1.0,Low
17.0,0,0,1,32,50,1,0,1.0,Low
19.0,0,0,1,15,212,3,0,1.0,Low
18.0,0,0,1,46,224,1,0,1.0,Low
19.0,0,0,1,40,527,2,0,5.0,Low
18.0,0,0,1,33,598,2,0,1.0,Low
20.0,1,0,0,16,681,2,0,8.0,Medium
22.0,1,0,0,34,625,1,0,1.0,Low
6.0,0,0,1,16,243,3,0,1.0,Low
0.0,1,0,0,39,138,1,0,1.0,Low
10.0,0,0,0,0,129,4,0,1.0,Low
12.0,0,0,0,42,544,2,0,1.0,Low
17.0,0,0,1,16,553,1,0,1.0,Low
6.0,0,0,1,15,210,2,0,4.0,Low
5.0,1,0,0,0,516,2,0,1.0,Low
15.0,0,0,0,39,89,0,0,1.0,Low
15.0,0,0,0,34,505,4,0,15.0,Medium
15.0,0,0,0,20,272,2,0,2.0,Low
15.0,0,0,0,32,405,1,0,1.0,Low
11.0,0,0,0,39,203,4,0,2.0,Low
18.0,0,0,1,21,148,2,0,2.0,Low
22.0,1,0,0,44,425,4,0,1.0,Low
2.0,1,0,0,40,547,3,0,1.0,Low
7.0,0,0,1,52,290,1,0,5.0,Low
11.0,0,0,0,39,91,4,0,1.0,Low
11.0,0,0,0,44,217,1,0,4.0,Low
18.0,0,0,1,39,617,4,0,5.0,Low
20.0,1,0,0,26,496,4,0,5.0,Low
7.0,0,0,1,26,505,0,0,15.0,Medium
15.0,0,0,0,13,74,3,0,2.0,Low
14.0,0,0,0,46,572,2,0,1.0,Low
17.0,0,0,1,39,90,4,0,2.0,Low
18.0,0,0,1,6,85,3,0,1.0,Low
22.0,1,0,0,21,286,1,0,3.0,Low
2.0,1,0,0,46,120,1,0,1.0,Low
6.0,0,0,1,32,403,1,0,1.0,Low
17.0,0,0,1,20,270,1,0,2.0,Low
15.0,0,0,0,13,656,2,0,1.0,Low
8.0,0,0,1,19,375,4,0,1.0,Low
20.0,1,0,0,21,8,0,0,1.0,Low
2.0,1,0,0,6,153,0,0,1.0,Low
8.0,0,0,1,1,20,4,0,1.0,Low
18.0,0,0,1,44,575,4,0,2.0,Low
20.0,1,0,0,26,434,1,0,22.0,High
19.0,0,0,1,57,45,2,0,3.0,Low
22.0,1,0,0,8,26,1,0,1.0,Low
22.0,1,0,0,46,590,2,0,1.0,Low
23.0,1,0,0,22,303,2,0,2.0,Low
23.0,1,0,0,25,431,4,0,1.0,Low
2.0,1,0,0,40,523,2,0,5.0,Low
21.0,1,0,0,12,532,0,0,1.0,Low
18.0,0,0,1,6,309,4,0,1.0,Low
20.0,1,0,0,16,682,3,0,2.0,Low
18.0,0,0,1,22,486,2,0,1.0,Low
18.0,0,0,1,39,514,4,0,1.0,Low
10.0,0,0,0,22,306,0,0,1.0,Low
20.0,1,0,0,5,126,4,0,1.0,Low
20.0,1,0,0,39,105,3,0,1.0,Low
20.0,1,0,0,41,66,4,0,1.0,Low
18.0,0,0,1,39,700,4,0,17.0,Medium
16.0,0,0,1,25,495,4,0,23.0,High
15.0,0,0,0,47,28,1,0,4.0,Low
15.0,0,0,0,47,28,2,0,4.0,Low
16.0,0,0,1,20,265,4,0,1.0,Low
4.0,1,0,0,26,434,2,0,22.0,High
17.0,0,0,1,15,207,2,0,5.0,Low
19.0,0,0,1,16,498,4,0,7.0,Medium
20.0,1,0,0,46,584,4,0,1.0,Low
23.0,1,0,0,7,96,3,0,4.0,Low
21.0,1,0,0,13,460,4,0,2.0,Low
21.0,1,0,0,3,42,1,0,2.0,Low
21.0,1,0,0,3,42,2,0,2.0,Low
0.0,1,0,0,39,436,4,0,15.0,Medium
11.0,0,0,0,13,145,1,0,3.0,Low
15.0,0,0,0,7,96,3,0,4.0,Low
17.0,0,0,1,39,162,4,0,6.0,Medium
17.0,0,0,1,39,692,4,0,2.0,Low
20.0,1,0,0,12,142,4,0,2.0,Low
10.0,0,0,0,40,499,1,0,6.0,Medium
13.0,0,0,0,18,330,4,0,1.0,Low
16.0,0,0,1,20,268,4,0,3.0,Low
16.0,0,0,1,20,268,3,0,3.0,Low
19.0,0,0,1,34,495,2,0,23.0,High
18.0,0,0,1,25,396,3,0,1.0,Low
2.0,1,0,0,39,700,4,0,17.0,Medium
21.0,1,0,0,2,65,4,0,1.0,Low
1.0,1,0,0,26,495,0,0,23.0,High
6.0,0,0,1,39,162,4,0,6.0,Medium
14.0,0,0,0,7,98,1,0,1.0,Low
15.0,0,0,0,13,659,3,0,1.0,Low
21.0,1,0,0,40,507,4,0,3.0,Low
23.0,1,0,0,23,450,3,0,1.0,Low
23.0,1,0,0,22,304,4,0,1.0,Low
0.0,1,0,0,25,505,0,0,15.0,Medium
10.0,0,0,0,13,149,1,0,2.0,Low
21.0,1,0,0,16,233,4,0,1.0,Low
20.0,1,0,0,3,286,1,0,3.0,Low
21.0,1,0,0,21,281,3,0,3.0,Low
11.0,0,0,0,26,495,0,0,23.0,High
21.0,1,0,0,39,700,4,0,17.0,Medium
21.0,1,0,0,39,700,4,0,17.0,Medium
18.0,0,0,1,58,374,1,0,1.0,Low
17.0,0,0,1,46,452,0,0,1.0,Low
17.0,0,0,1,46,612,1,0,1.0,Low
8.0,0,0,1,6,177,4,0,1.0,Low
13.0,0,0,0,39,666,4,0,7.0,Medium
7.0,0,0,1,39,231,4,0,2.0,Low
4.0,1,0,0,42,538,4,0,2.0,Low
11.0,0,0,0,40,17,4,0,1.0,Low
17.0,0,0,1,39,132,4,0,6.0,Medium
19.0,0,0,1,45,606,1,0,2.0,Low
19.0,0,0,1,47,277,2,0,2.0,Low
20.0,1,0,0,40,499,4,0,6.0,Medium
20.0,1,0,0,39,348,4,0,1.0,Low
22.0,1,0,0,39,617,4,0,5.0,Low
23.0,1,0,0,46,613,0,0,2.0,Low
23.0,1,0,0,46,613,3,0,2.0,Low
16.0,0,0,1,25,183,4,0,1.0,Low
20.0,1,0,0,0,383,1,0,1.0,Low
17.0,0,0,1,40,517,1,0,8.0,Medium
12.0,0,0,0,32,411,4,0,1.0,Low
7.0,0,0,1,26,487,0,0,1.0,Low
18.0,0,0,1,1,25,4,0,1.0,Low
17.0,0,0,1,23,312,3,0,1.0,Low
22.0,1,0,0,39,562,4,0,2.0,Low
22.0,1,0,0,42,538,4,0,2.0,Low
23.0,1,0,0,7,390,0,0,1.0,Low
20.0,1,0,0,21,281,4,0,3.0,Low
17.0,0,0,1,45,570,4,0,1.0,Low
4.0,1,0,0,16,681,1,0,8.0,Medium
10.0,0,0,0,13,227,4,0,1.0,Low
22.0,1,0,0,34,505,4,0,15.0,Medium
20.0,1,0,0,18,632,1,0,1.0,Low
21.0,1,0,0,25,357,2,0,1.0,Low
17.0,0,0,1,16,13,4,0,1.0,Low
7.0,0,0,1,32,52,0,0,1.0,Low
11.0,0,0,0,2,34,3,0,2.0,Low
10.0,0,0,0,45,506,2,0,3.0,Low
7.0,0,0,1,34,505,4,0,15.0,Medium
17.0,0,0,1,25,505,2,0,15.0,Medium
20.0,1,0,0,21,287,2,0,2.0,Low
20.0,1,0,0,16,665,2,0,1.0,Low
19.0,0,0,1,10,115,1,0,1.0,Low
21.0,1,0,0,40,507,4,0,3.0,Low
22.0,1,0,0,26,505,1,0,15.0,Medium
5.0,1,0,0,39,618,1,0,1.0,Low
22.0,1,0,0,16,56,0,0,1.0,Low
20.0,1,0,0,3,40,2,0,1.0,Low
21.0,1,0,0,2,36,4,0,2.0,Low
7.0,0,0,1,54,72,2,0,2.0,Low
7.0,0,0,1,40,529,4,0,1.0,Low
7.0,0,0,1,39,664,0,0,1.0,Low
8.0,0,0,1,39,683,4,0,16.0,Medium
15.0,0,0,0,39,700,4,0,17.0,Medium
23.0,1,0,0,54,68,3,0,9.0,Medium
0.0,1,0,0,20,216,4,0,1.0,Low
23.0,1,0,0,11,124,3,0,1.0,Low
0.0,1,0,0,18,378,1,0,3.0,Low
12.0,0,0,0,13,352,4,0,1.0,Low
5.0,1,0,0,39,472,0,0,1.0,Low
0.0,1,0,0,39,683,1,0,16.0,Medium
12.0,0,0,0,18,434,3,0,22.0,High
17.0,0,0,1,12,359,4,0,1.0,Low
16.0,0,0,1,46,48,4,0,1.0,Low
14.0,0,0,0,37,468,1,0,1.0,Low
12.0,0,0,0,54,343,1,0,1.0,Low
20.0,1,0,0,19,641,0,0,2.0,Low
20.0,1,0,0,19,641,3,0,2.0,Low
21.0,1,0,0,39,700,4,0,17.0,Medium
22.0,1,0,0,39,551,1,0,2.0,Low
16.0,0,0,1,34,457,4,0,1.0,Low
17.0,0,0,1,7,276,2,0,1.0,Low
19.0,0,0,1,44,117,2,0,1.0,Low
20.0,1,0,0,32,49,0,0,1.0,Low
20.0,1,0,0,8,181,4,0,2.0,Low
13.0,0,0,0,13,649,4,0,1.0,Low
18.0,0,0,1,20,215,3,0,1.0,Low
19.0,0,0,1,13,226,4,0,1.0,Low
20.0,1,0,0,39,700,4,0,17.0,Medium
16.0,0,0,1,32,414,3,0,3.0,Low
20.0,1,0,0,21,277,1,0,2.0,Low
19.0,0,0,1,32,414,0,0,3.0,Low
19.0,0,0,1,32,414,3,0,3.0,Low
4.0,1,0,0,26,497,3,0,1.0,Low
15.0,0,0,0,19,646,2,0,1.0,Low
20.0,1,0,0,47,279,3,0,1.0,Low
19.0,0,0,1,26,354,3,0,1.0,Low
22.0,1,0,0,16,334,2,0,1.0,Low
6.0,0,0,1,13,58,4,0,2.0,Low
9.0,0,0,1,8,193,4,0,3.0,Low
21.0,1,0,0,46,595,2,0,3.0,Low
2.0,1,0,0,42,545,3,0,4.0,Low
20.0,1,0,0,15,37,2,0,2.0,Low
11.0,0,0,0,39,392,4,0,1.0,Low
13.0,0,0,0,44,576,4,0,1.0,Low
13.0,0,0,0,25,398,3,0,1.0,Low
16.0,0,0,1,6,319,0,0,1.0,Low
16.0,0,0,1,18,245,2,0,3.0,Low
19.0,0,0,1,25,163,3,0,1.0,Low
19.0,0,0,1,21,597,2,0,1.0,Low
2.0,1,0,0,16,335,4,0,1.0,Low
20.0,1,0,0,48,698,1,0,1.0,Low
10.0,0,0,0,15,195,2,0,1.0,Low
11.0,0,0,0,12,491,1,0,1.0,Low
17.0,0,0,1,24,588,2,0,5.0,Low
5.0,1,0,0,39,132,4,0,6.0,Medium
12.0,0,0,0,39,231,0,0,2.0,Low
5.0,1,0,0,48,502,3,0,3.0,Low
11.0,0,0,0,0,386,4,0,1.0,Low
16.0,0,0,1,57,63,4,0,1.0,Low
17.0,0,0,1,46,173,4,0,1.0,Low
21.0,1,0,0,13,284,2,0,1.0,Low
5.0,1,0,0,34,437,4,0,1.0,Low
12.0,0,0,0,16,12,1,0,1.0,Low
17.0,0,0,1,16,683,4,0,16.0,Medium
17.0,0,0,1,12,531,2,0,2.0,Low
21.0,1,0,0,21,285,4,0,1.0,Low
1.0,1,0,0,15,209,4,0,1.0,Low
16.0,0,0,1,31,446,2,0,1.0,Low
6.0,0,0,1,39,683,4,0,16.0,Medium
12.0,0,0,0,8,194,2,0,1.0,Low
14.0,0,0,0,25,502,0,0,3.0,Low
18.0,0,0,1,21,283,3,0,2.0,Low
17.0,0,0,1,21,639,2,0,1.0,Low
19.0,0,0,1,24,256,4,0,1.0,Low
21.0,1,0,0,32,416,2,0,1.0,Low
6.0,0,0,1,12,530,4,0,1.0,Low
7.0,0,0,1,16,566,1,0,1.0,Low
11.0,0,0,0,21,283,2,0,2.0,Low
18.0,0,0,1,45,599,1,0,1.0,Low
19.0,0,0,1,40,364,4,0,1.0,Low
20.0,1,0,0,54,71,1,0,2.0,Low
21.0,1,0,0,32,327,3,0,1.0,Low
19.0,0,0,1,31,388,3,0,1.0,Low
10.0,0,0,0,20,219,0,0,1.0,Low
20.0,1,0,0,25,356,4,0,1.0,Low
11.0,0,0,0,2,295,4,0,1.0,Low
12.0,0,0,0,20,274,2,0,1.0,Low
23.0,1,0,0,1,23,2,0,1.0,Low
10.0,0,0,0,39,436,4,0,15.0,Medium
10.0,0,0,0,6,82,4,0,1.0,Low
17.0,0,0,1,13,708,3,0,1.0,Low
17.0,0,0,1,12,531,1,0,2.0,Low
17.0,0,0,1,39,683,4,0,16.0,Medium
21.0,1,0,0,13,709,1,0,1.0,Low
22.0,1,0,0,25,502,2,0,3.0,Low
23.0,1,0,0,39,436,2,0,15.0,Medium
19.0,0,0,1,25,310,1,0,1.0,Low
9.0,0,0,1,37,154,4,0,1.0,Low
15.0,0,0,0,40,68,2,0,9.0,Medium
19.0,0,0,1,40,68,4,0,9.0,Medium
20.0,1,0,0,6,185,0,0,1.0,Low
23.0,1,0,0,40,68,4,0,9.0,Medium
0.0,1,0,0,39,561,4,0,2.0,Low
2.0,1,0,0,39,436,0,0,15.0,Medium
7.0,0,0,1,16,242,4,0,1.0,Low
11.0,0,0,0,31,445,1,0,1.0,Low
22.0,1,0,0,16,344,4,0,3.0,Low
0.0,1,0,0,39,701,4,0,1.0,Low
23.0,1,0,0,16,130,4,0,1.0,Low
19.0,0,0,1,25,400,4,0,3.0,Low
20.0,1,0,0,25,489,2,0,1.0,Low
2.0,1,0,0,40,107,2,0,1.0,Low
7.0,0,0,1,32,417,4,0,1.0,Low
13.0,0,0,0,46,44,0,0,1.0,Low
20.0,1,0,0,40,172,2,0,1.0,Low
6.0,0,0,1,25,438,2,0,1.0,Low
13.0,0,0,0,25,400,2,0,3.0,Low
16.0,0,0,1,12,262,2,0,1.0,Low
18.0,0,0,1,18,379,4,0,2.0,Low
18.0,0,0,1,34,505,4,0,15.0,Medium
12.0,0,0,0,6,84,2,0,1.0,Low
14.0,0,0,0,15,210,0,0,4.0,Low
9.0,0,0,1,25,505,3,0,15.0,Medium
17.0,0,0,1,37,200,3,0,1.0,Low
21.0,1,0,0,46,615,2,0,1.0,Low
20.0,1,0,0,39,162,4,0,6.0,Medium
19.0,0,0,1,13,148,4,0,2.0,Low
14.0,0,0,0,39,358,4,0,1.0,Low
18.0,0,0,1,19,261,4,0,1.0,Low
16.0,0,0,1,16,339,4,0,1.0,Low
21.0,1,0,0,37,201,4,0,1.0,Low
0.0,1,0,0,26,441,2,0,12.0,Medium
6.0,0,0,1,47,655,2,0,1.0,Low
10.0,0,0,0,41,169,2,0,1.0,Low
15.0,0,0,0,46,591,4,0,1.0,Low
19.0,0,0,1,13,149,4,0,2.0,Low
19.0,0,0,1,18,379,4,0,2.0,Low
21.0,1,0,0,12,420,3,0,1.0,Low
21.0,1,0,0,39,617,2,0,5.0,Low
23.0,1,0,0,16,509,1,0,1.0,Low
8.0,0,0,1,39,692,4,0,2.0,Low
11.0,0,0,0,22,315,2,0,1.0,Low
16.0,0,0,1,0,670,4,0,1.0,Low
16.0,0,0,1,44,575,2,0,2.0,Low
19.0,0,0,1,22,150,2,0,1.0,Low
10.0,0,0,0,54,70,2,0,3.0,Low
7.0,0,0,1,6,80,4,0,3.0,Low
6.0,0,0,1,42,539,4,0,5.0,Low
18.0,0,0,1,25,133,2,0,1.0,Low
18.0,0,0,1,11,125,4,0,1.0,Low
0.0,1,0,0,16,492,2,0,1.0,Low
5.0,1,0,0,25,505,2,0,15.0,Medium
15.0,0,0,0,3,533,2,0,1.0,Low
17.0,0,0,1,39,184,1,0,1.0,Low
11.0,0,0,0,40,521,4,0,1.0,Low
19.0,0,0,1,16,512,4,0,4.0,Low
17.0,0,0,1,46,571,0,0,1.0,Low
22.0,1,0,0,54,70,2,0,3.0,Low
6.0,0,0,1,8,636,0,0,2.0,Low
6.0,0,0,1,8,636,3,0,2.0,Low
18.0,0,0,1,25,495,4,0,23.0,High
21.0,1,0,0,42,539,3,0,5.0,Low
7.0,0,0,1,39,344,2,0,3.0,Low
13.0,0,0,0,39,435,2,0,1.0,Low
16.0,0,0,1,6,81,4,0,1.0,Low
19.0,0,0,1,40,522,2,0,1.0,Low
18.0,0,0,1,55,624,4,0,1.0,Low
8.0,0,0,1,13,71,2,0,2.0,Low
84.0,1,0,0,37,674,3,0,1.0,Low
12.0,0,0,0,39,673,3,0,2.0,Low
14.0,0,0,0,16,232,4,0,1.0,Low
15.0,0,0,0,15,205,4,0,1.0,Low
17.0,0,0,1,39,322,1,0,1.0,Low
6.0,0,0,1,42,51,3,0,1.0,Low
2.0,1,0,0,39,430,4,0,8.0,Medium
13.0,0,0,0,13,39,2,0,1.0,Low
9.0,0,0,1,41,139,2,0,1.0,Low
7.0,0,0,1,19,644,4,0,2.0,Low
7.0,0,0,1,13,59,2,0,1.0,Low
18.0,0,0,1,54,713,2,0,1.0,Low
18.0,0,0,1,16,338,2,0,1.0,Low
14.0,0,0,0,1,663,4,0,1.0,Low
6.0,0,0,1,0,523,2,0,5.0,Low
9.0,0,0,1,37,369,2,0,1.0,Low
9.0,0,0,1,41,170,4,0,1.0,Low
14.0,0,0,0,39,626,2,0,1.0,Low
15.0,0,0,0,16,582,2,0,1.0,Low
16.0,0,0,1,45,607,2,0,1.0,Low
13.0,0,0,0,6,87,2,0,3.0,Low
15.0,0,0,0,19,645,2,0,1.0,Low
17.0,0,0,1,33,9,2,0,1.0,Low
19.0,0,0,1,42,272,4,0,2.0,Low
21.0,1,0,0,46,594,4,0,1.0,Low
15.0,0,0,0,16,565,4,0,1.0,Low
20.0,1,0,0,45,608,4,0,1.0,Low
19.0,0,0,1,2,34,4,0,2.0,Low
0.0,1,0,0,16,515,0,0,3.0,Low
3.0,1,0,0,15,453,2,0,1.0,Low
4.0,1,0,0,49,448,2,0,2.0,Low
4.0,1,0,0,39,161,4,0,1.0,Low
6.0,0,0,1,47,286,2,0,3.0,Low
7.0,0,0,1,18,249,2,0,1.0,Low
12.0,0,0,0,18,151,4,0,1.0,Low
15.0,0,0,0,24,391,2,0,1.0,Low
18.0,0,0,1,53,252,2,0,1.0,Low
18.0,0,0,1,25,401,2,0,1.0,Low
22.0,1,0,0,25,508,4,0,1.0,Low
22.0,1,0,0,39,471,4,0,1.0,Low
21.0,1,0,0,26,448,0,0,2.0,Low
20.0,1,0,0,47,29,4,0,1.0,Low
19.0,0,0,1,9,257,4,0,1.0,Low
15.0,0,0,0,21,178,2,0,1.0,Low
12.0,0,0,0,16,103,2,0,1.0,Low
6.0,0,0,1,18,250,2,0,1.0,Low
11.0,0,0,0,16,230,2,0,1.0,Low
14.0,0,0,0,33,568,4,0,1.0,Low
21.0,1,0,0,19,196,4,0,1.0,Low
3.0,1,0,0,25,434,0,0,22.0,High
3.0,1,0,0,25,434,0,0,22.0,High
11.0,0,0,0,16,564,4,0,5.0,Low
21.0,1,0,0,46,586,2,0,3.0,Low
16.0,0,0,1,16,563,4,0,1.0,Low
18.0,0,0,1,54,68,3,0,9.0,Medium
20.0,1,0,0,47,651,3,0,2.0,Low
22.0,1,0,0,16,498,4,0,7.0,Medium
20.0,1,0,0,25,397,4,0,1.0,Low
0.0,1,0,0,35,647,4,0,1.0,Low
8.0,0,0,1,22,462,2,0,1.0,Low
19.0,0,0,1,39,4,1,0,1.0,Low
19.0,0,0,1,2,32,4,0,2.0,Low
8.0,0,0,1,39,700,4,0,17.0,Medium
17.0,0,0,1,1,19,4,0,1.0,Low
18.0,0,0,1,33,637,4,0,1.0,Low
20.0,1,0,0,39,700,4,0,17.0,Medium
7.0,0,0,1,16,11,1,0,1.0,Low
11.0,0,0,0,40,517,4,0,8.0,Medium
16.0,0,0,1,19,482,4,0,3.0,Low
18.0,0,0,1,15,168,3,0,1.0,Low
0.0,1,0,0,16,564,0,0,5.0,Low
21.0,1,0,0,26,672,4,0,1.0,Low
10.0,0,0,0,33,421,1,0,1.0,Low
1.0,1,0,0,46,550,4,0,1.0,Low
2.0,1,0,0,25,495,4,0,23.0,High
9.0,0,0,1,21,282,4,0,1.0,Low
6.0,0,0,1,57,145,1,0,3.0,Low
14.0,0,0,0,39,436,4,0,15.0,Medium
7.0,0,0,1,56,480,3,0,1.0,Low
15.0,0,0,0,13,706,1,0,1.0,Low
20.0,1,0,0,21,278,1,0,9.0,Medium
20.0,1,0,0,21,278,2,0,9.0,Medium
20.0,1,0,0,39,464,4,0,1.0,Low
0.0,1,0,0,44,577,3,0,1.0,Low
12.0,0,0,0,33,609,2,0,1.0,Low
14.0,0,0,0,33,288,2,0,1.0,Low
15.0,0,0,0,32,424,2,0,1.0,Low
3.0,1,0,0,49,505,2,0,15.0,Medium
17.0,0,0,1,16,666,4,0,7.0,Medium
20.0,1,0,0,39,329,2,0,1.0,Low
7.0,0,0,1,6,86,3,0,2.0,Low
12.0,0,0,0,39,436,4,0,15.0,Medium
6.0,0,0,1,34,3,1,0,2.0,Low
12.0,0,0,0,26,505,3,0,15.0,Medium
12.0,0,0,0,57,287,2,0,2.0,Low
16.0,0,0,1,16,241,4,0,1.0,Low
16.0,0,0,1,10,116,4,0,1.0,Low
18.0,0,0,1,16,515,3,0,3.0,Low
20.0,1,0,0,40,60,4,0,1.0,Low
22.0,1,0,0,12,122,2,0,1.0,Low
7.0,0,0,1,26,495,1,0,23.0,High
8.0,0,0,1,40,511,4,0,1.0,Low
10.0,0,0,0,12,361,1,0,4.0,Low
18.0,0,0,1,18,693,0,0,1.0,Low
18.0,0,0,1,44,271,2,0,1.0,Low
22.0,1,0,0,0,688,1,0,1.0,Low
9.0,0,0,1,16,683,2,0,16.0,Medium
7.0,0,0,1,37,94,2,0,1.0,Low
12.0,0,0,0,53,291,2,0,1.0,Low
18.0,0,0,1,25,54,3,0,1.0,Low
20.0,1,0,0,16,676,4,0,1.0,Low
8.0,0,0,1,37,644,2,0,2.0,Low
9.0,0,0,1,0,88,4,0,1.0,Low
12.0,0,0,0,40,507,0,0,3.0,Low
17.0,0,0,1,33,567,4,0,1.0,Low
19.0,0,0,1,19,199,2,0,1.0,Low
21.0,1,0,0,39,679,4,0,1.0,Low
20.0,1,0,0,26,504,2,0,1.0,Low
1.0,1,0,0,39,700,4,0,17.0,Medium
